year,race,driver,team,grid_position,finish_position,quali_position,avg_lap_time,weather,driver_consistency,pace_delta,grid_advantage,position_gain
2022,Bahrain,LEC,Ferrari,1.0,1.0,1.0,100.08281132,dry,10.234008616,5.5128113200000115,0.0,0.0
2022,Bahrain,SAI,Ferrari,3.0,2.0,3.0,101.853111111,dry,12.015127645,7.283111111000011,0.0,1.0
2022,Bahrain,HAM,Mercedes,5.0,3.0,5.0,101.602685185,dry,11.190855132,7.032685185000005,0.0,2.0
2022,Bahrain,RUS,Mercedes,9.0,4.0,9.0,101.33774074,dry,9.223276628,6.767740740000008,0.0,5.0
2022,Bahrain,MAG,Haas F1 Team,7.0,5.0,7.0,101.860703703,dry,9.737343055,7.2907037030000055,0.0,2.0
2022,Bahrain,BOT,Alfa Romeo,6.0,6.0,6.0,101.506796296,dry,9.828384195,6.936796296000011,0.0,0.0
2022,Bahrain,OCO,Alpine,11.0,7.0,11.0,102.032759259,dry,9.033227673,7.462759259000009,0.0,4.0
2022,Bahrain,TSU,AlphaTauri,16.0,8.0,16.0,101.569851851,dry,9.674526466,6.9998518510000025,0.0,8.0
2022,Bahrain,ALO,Alpine,8.0,9.0,8.0,102.178388888,dry,8.361730202,7.6083888880000075,0.0,-1.0
2022,Bahrain,ZHO,Alfa Romeo,15.0,10.0,15.0,101.467907407,dry,7.058537517,6.897907407000005,0.0,5.0
2022,Bahrain,MSC,Haas F1 Team,12.0,11.0,12.0,102.694345454,dry,8.201516303,8.124345454000007,0.0,1.0
2022,Bahrain,STR,Aston Martin,19.0,12.0,19.0,102.000518518,dry,9.787733674,7.430518518000014,0.0,7.0
2022,Bahrain,ALB,Williams,14.0,13.0,14.0,102.255111111,dry,8.808554795,7.685111111000012,0.0,1.0
2022,Bahrain,RIC,McLaren,18.0,14.0,18.0,102.16574074,dry,8.986281651,7.595740740000011,0.0,4.0
2022,Bahrain,NOR,McLaren,13.0,15.0,13.0,102.283574074,dry,8.499685344,7.713574074000007,0.0,-2.0
2022,Bahrain,LAT,Williams,20.0,16.0,20.0,102.504148148,dry,7.98658811,7.934148148000006,0.0,4.0
2022,Bahrain,HUL,Aston Martin,17.0,17.0,17.0,102.277444444,dry,8.502873725,7.707444444000004,0.0,0.0
2022,Bahrain,PER,Red Bull Racing,4.0,18.0,4.0,102.133773584,dry,11.754098233,7.563773584000003,0.0,-14.0
2022,Bahrain,VER,Red Bull Racing,2.0,19.0,2.0,101.88084,dry,11.989040696,7.310840000000013,0.0,-17.0
2022,Bahrain,GAS,AlphaTauri,10.0,20.0,10.0,99.813333333,dry,4.704339379,5.24333333300001,0.0,-10.0
2022,Saudi Arabia,VER,Red Bull Racing,4.0,1.0,4.0,96.884702127,dry,10.555688068,5.250702126999997,0.0,3.0
2022,Saudi Arabia,LEC,Ferrari,2.0,2.0,2.0,96.818340425,dry,10.523461104,5.184340425000002,0.0,0.0
2022,Saudi Arabia,SAI,Ferrari,3.0,3.0,3.0,97.149255319,dry,10.59472032,5.515255319000005,0.0,0.0
2022,Saudi Arabia,PER,Red Bull Racing,1.0,4.0,1.0,96.891195652,dry,11.453011727,5.257195651999993,0.0,-3.0
2022,Saudi Arabia,RUS,Mercedes,6.0,5.0,6.0,98.022234042,dry,10.574647859,6.3882340419999935,0.0,1.0
2022,Saudi Arabia,OCO,Alpine,5.0,6.0,5.0,98.008804347,dry,10.6574243,6.374804346999994,0.0,-1.0
2022,Saudi Arabia,NOR,McLaren,11.0,7.0,11.0,99.068574468,dry,12.386393952,7.434574467999994,0.0,4.0
2022,Saudi Arabia,GAS,AlphaTauri,9.0,8.0,9.0,99.307361702,dry,12.073952385,7.673361701999994,0.0,1.0
2022,Saudi Arabia,MAG,Haas F1 Team,10.0,9.0,10.0,99.220638297,dry,13.376452362,7.586638296999993,0.0,1.0
2022,Saudi Arabia,HAM,Mercedes,15.0,10.0,16.0,100.10393617,dry,12.599223527,8.469936169999997,-1.0,5.0
2022,Saudi Arabia,ZHO,Alfa Romeo,12.0,11.0,13.0,99.352586956,dry,9.93504706,7.718586955999996,-1.0,1.0
2022,Saudi Arabia,HUL,Aston Martin,17.0,12.0,18.0,98.799804347,dry,10.512260574,7.165804347000005,-1.0,5.0
2022,Saudi Arabia,STR,Aston Martin,13.0,13.0,15.0,101.161826086,dry,11.008725187,9.527826086000005,-2.0,0.0
2022,Saudi Arabia,ALB,Williams,16.0,14.0,17.0,101.848844444,dry,12.563765011,10.214844443999993,-1.0,2.0
2022,Saudi Arabia,BOT,Alfa Romeo,8.0,15.0,8.0,97.057612903,dry,8.259168556,5.423612903000006,0.0,-7.0
2022,Saudi Arabia,ALO,Alpine,7.0,16.0,7.0,98.4550625,dry,10.32872762,6.8210624999999965,0.0,-9.0
2022,Saudi Arabia,RIC,McLaren,14.0,17.0,12.0,100.003625,dry,11.626960442,8.369625,2.0,-3.0
2022,Saudi Arabia,LAT,Williams,18.0,18.0,19.0,98.876142857,dry,2.261119935,7.242142857000005,-1.0,0.0
2022,Australia,LEC,Ferrari,1.0,1.0,1.0,88.274872727,dry,15.665279766,8.014872726999997,0.0,0.0
2022,Australia,PER,Red Bull Racing,3.0,2.0,3.0,89.980392857,dry,16.281082199,9.720392856999993,0.0,1.0
2022,Australia,RUS,Mercedes,6.0,3.0,6.0,89.051035714,dry,16.676942691,8.791035713999989,0.0,3.0
2022,Australia,HAM,Mercedes,5.0,4.0,5.0,89.977232142,dry,16.455324991,9.717232142,0.0,1.0
2022,Australia,NOR,McLaren,4.0,5.0,4.0,90.659696428,dry,15.805304716,10.399696427999999,0.0,-1.0
2022,Australia,RIC,McLaren,7.0,6.0,7.0,90.686196428,dry,15.682700927,10.426196427999997,0.0,1.0
2022,Australia,OCO,Alpine,8.0,7.0,8.0,91.889385964,dry,17.177739524,11.629385963999994,0.0,1.0
2022,Australia,BOT,Alfa Romeo,12.0,8.0,12.0,90.582803571,dry,15.094791655,10.322803570999994,0.0,4.0
2022,Australia,GAS,AlphaTauri,11.0,9.0,11.0,91.111160714,dry,14.877356877,10.851160713999988,0.0,2.0
2022,Australia,ALB,Williams,20.0,10.0,16.0,92.253771929,dry,16.912831133,11.99377192899999,4.0,10.0
2022,Australia,ZHO,Alfa Romeo,14.0,11.0,14.0,92.21022807,dry,16.310425509,11.950228069999994,0.0,3.0
2022,Australia,STR,Aston Martin,19.0,12.0,20.0,89.250537037,dry,14.773498084,8.990537036999996,-1.0,7.0
2022,Australia,MSC,Haas F1 Team,15.0,13.0,15.0,91.401690909,dry,14.766887476,11.14169090899999,0.0,2.0
2022,Australia,MAG,Haas F1 Team,16.0,14.0,17.0,91.3844,dry,16.054542733,11.124399999999994,-1.0,2.0
2022,Australia,TSU,AlphaTauri,13.0,15.0,13.0,91.481872727,dry,14.779155588,11.22187272699999,0.0,-2.0
2022,Australia,LAT,Williams,18.0,16.0,19.0,92.136618181,dry,15.691930257,11.876618180999998,-1.0,2.0
2022,Australia,ALO,Alpine,10.0,17.0,10.0,91.778851851,dry,16.457144263,11.518851850999994,0.0,-7.0
2022,Australia,VER,Red Bull Racing,2.0,18.0,2.0,91.603971428,dry,18.232378525,11.343971427999989,0.0,-16.0
2022,Australia,VET,Aston Martin,17.0,19.0,18.0,94.697454545,dry,16.703554226,14.437454544999994,-1.0,-2.0
2022,Emilia Romagna,VER,Red Bull Racing,1.0,1.0,1.0,87.031245901,dry,14.567462934,8.585245901000008,0.0,0.0
2022,Emilia Romagna,PER,Red Bull Racing,3.0,2.0,7.0,87.255786885,dry,14.591750642,8.809786885000008,-4.0,1.0
2022,Emilia Romagna,NOR,McLaren,5.0,3.0,3.0,87.856387096,dry,14.166649596,9.410387096000008,2.0,2.0
2022,Emilia Romagna,RUS,Mercedes,11.0,4.0,11.0,87.968580645,dry,14.164400606,9.522580645000005,0.0,7.0
2022,Emilia Romagna,BOT,Alfa Romeo,7.0,5.0,8.0,87.835096774,dry,14.60282387,9.389096773999995,-1.0,2.0
2022,Emilia Romagna,LEC,Ferrari,2.0,6.0,2.0,87.497016666,dry,14.864737111,9.051016665999995,0.0,-4.0
2022,Emilia Romagna,TSU,AlphaTauri,12.0,7.0,16.0,88.240725806,dry,14.401586275,9.794725806000002,-4.0,5.0
2022,Emilia Romagna,VET,Aston Martin,13.0,8.0,9.0,88.418354838,dry,14.167314307,9.972354838000001,4.0,5.0
2022,Emilia Romagna,MAG,Haas F1 Team,8.0,9.0,4.0,88.398774193,dry,14.369978568,9.952774192999996,4.0,-1.0
2022,Emilia Romagna,STR,Aston Martin,15.0,10.0,15.0,88.835967213,dry,14.287785442,10.389967213000006,0.0,5.0
2022,Emilia Romagna,ALB,Williams,18.0,11.0,20.0,87.923733333,dry,12.067789278,9.477733333000003,-2.0,7.0
2022,Emilia Romagna,GAS,AlphaTauri,17.0,12.0,17.0,87.92145,dry,11.975826975,9.475449999999995,0.0,5.0
2022,Emilia Romagna,HAM,Mercedes,14.0,13.0,13.0,88.882852459,dry,14.399665894,10.436852459000008,1.0,1.0
2022,Emilia Romagna,OCO,Alpine,16.0,14.0,19.0,88.900475409,dry,14.283435179,10.454475408999997,-3.0,2.0
2022,Emilia Romagna,LAT,Williams,19.0,16.0,18.0,88.029966666,dry,12.350825542,9.58396666600001,1.0,3.0
2022,Emilia Romagna,MSC,Haas F1 Team,10.0,17.0,12.0,88.06559322,dry,12.693243094,9.619593219999999,-2.0,-7.0
2022,Emilia Romagna,RIC,McLaren,6.0,18.0,6.0,87.55137931,dry,12.508051403,9.105379310000004,0.0,-12.0
2022,Emilia Romagna,ALO,Alpine,9.0,19.0,5.0,124.153166666,dry,20.259216543,45.707166666000006,4.0,-10.0
2022,Miami,VER,Red Bull Racing,3.0,1.0,3.0,94.66426923,dry,7.434692693,3.303269229999998,0.0,2.0
2022,Miami,LEC,Ferrari,1.0,2.0,1.0,95.86545283,dry,10.424598209,4.504452829999991,0.0,-1.0
2022,Miami,SAI,Ferrari,2.0,3.0,2.0,97.161907407,dry,11.999420215,5.800907406999997,0.0,-1.0
2022,Miami,PER,Red Bull Racing,4.0,4.0,4.0,96.677301886,dry,11.33969383,5.316301885999991,0.0,0.0
2022,Miami,RUS,Mercedes,12.0,5.0,12.0,97.125222222,dry,10.453807564,5.764222222000001,0.0,7.0
2022,Miami,HAM,Mercedes,6.0,6.0,6.0,97.50287037,dry,10.30217764,6.141870369999992,0.0,0.0
2022,Miami,BOT,Alfa Romeo,5.0,7.0,5.0,97.593777777,dry,10.468390489,6.2327777769999955,0.0,-2.0
2022,Miami,OCO,Alpine,20.0,8.0,20.0,98.341181818,dry,10.893930695,6.980181817999991,0.0,12.0
2022,Miami,ALB,Williams,18.0,9.0,18.0,98.768163636,dry,10.136018402,7.407163635999993,0.0,9.0
2022,Miami,ALO,Alpine,11.0,11.0,11.0,98.678454545,dry,10.933489251,7.31745454499999,0.0,0.0
2022,Miami,TSU,AlphaTauri,9.0,12.0,9.0,96.217679245,dry,3.901300682,4.856679244999995,0.0,-3.0
2022,Miami,RIC,McLaren,14.0,13.0,14.0,98.227351851,dry,9.978155483,6.86635185099999,0.0,1.0
2022,Miami,LAT,Williams,19.0,14.0,19.0,97.918462962,dry,5.929885818,6.5574629620000024,0.0,5.0
2022,Miami,MSC,Haas F1 Team,15.0,15.0,15.0,99.118388888,dry,11.174022132,7.757388887999994,0.0,0.0
2022,Miami,MAG,Haas F1 Team,16.0,16.0,16.0,98.427792452,dry,10.459579162,7.066792452000001,0.0,0.0
2022,Miami,GAS,AlphaTauri,7.0,18.0,7.0,97.249317073,dry,6.220544179,5.888317072999996,0.0,-11.0
2022,Miami,NOR,McLaren,8.0,19.0,8.0,95.64118421,dry,3.505145494,4.280184210000002,0.0,-11.0
2022,Miami,ZHO,Alfa Romeo,17.0,20.0,17.0,102.172166666,dry,10.249379735,10.811166665999991,0.0,-3.0
2022,Spain,VER,Red Bull Racing,2.0,1.0,2.0,87.746095238,dry,3.850251322,3.638095237999991,0.0,1.0
2022,Spain,PER,Red Bull Racing,5.0,2.0,5.0,87.902841269,dry,3.970314024,3.7948412690000026,0.0,3.0
2022,Spain,RUS,Mercedes,4.0,3.0,4.0,88.254253968,dry,3.689852771,4.146253967999996,0.0,1.0
2022,Spain,SAI,Ferrari,3.0,4.0,3.0,88.402142857,dry,4.376152477,4.294142856999997,0.0,-1.0
2022,Spain,HAM,Mercedes,6.0,5.0,6.0,88.423460317,dry,5.747890093,4.315460317000003,0.0,1.0
2022,Spain,BOT,Alfa Romeo,7.0,6.0,7.0,88.848921875,dry,3.385742253,4.740921874999998,0.0,1.0
2022,Spain,OCO,Alpine,12.0,7.0,12.0,88.862698412,dry,3.96103507,4.754698411999996,0.0,5.0
2022,Spain,NOR,McLaren,11.0,8.0,11.0,88.928714285,dry,4.188503451,4.820714284999994,0.0,3.0
2022,Spain,ALO,Alpine,20.0,9.0,17.0,89.134887096,dry,4.256412504,5.026887095999996,3.0,11.0
2022,Spain,TSU,AlphaTauri,13.0,10.0,13.0,89.189209677,dry,4.169136041,5.08120967699999,0.0,3.0
2022,Spain,VET,Aston Martin,16.0,11.0,16.0,89.717682539,dry,3.514204815,5.609682538999991,0.0,5.0
2022,Spain,RIC,McLaren,9.0,12.0,9.0,89.642209677,dry,4.097740938,5.534209676999993,0.0,-3.0
2022,Spain,GAS,AlphaTauri,14.0,13.0,14.0,89.614596774,dry,4.464798031,5.506596774000002,0.0,1.0
2022,Spain,MSC,Haas F1 Team,10.0,14.0,10.0,89.967365079,dry,3.428077818,5.859365079,0.0,-4.0
2022,Spain,STR,Aston Martin,17.0,15.0,18.0,89.930532258,dry,4.844596535,5.822532257999995,-1.0,2.0
2022,Spain,LAT,Williams,19.0,16.0,20.0,90.474213114,dry,4.31770827,6.36621311399999,-1.0,3.0
2022,Spain,MAG,Haas F1 Team,8.0,17.0,8.0,90.79098387,dry,7.059573721,6.682983870000001,0.0,-9.0
2022,Spain,ALB,Williams,18.0,18.0,19.0,90.909266666,dry,4.790356759,6.801266665999989,-1.0,0.0
2022,Spain,ZHO,Alfa Romeo,15.0,19.0,15.0,91.412,dry,5.369262285,7.304000000000002,0.0,-4.0
2022,Spain,LEC,Ferrari,1.0,20.0,1.0,89.075807692,dry,5.250089336,4.967807691999994,0.0,-19.0
2022,Monaco,PER,Red Bull Racing,3.0,1.0,3.0,88.255745762,wet,16.911295584,13.562745762000006,0.0,2.0
2022,Monaco,SAI,Ferrari,2.0,2.0,2.0,88.3746,wet,16.686242417,13.681600000000003,0.0,0.0
2022,Monaco,VER,Red Bull Racing,4.0,3.0,4.0,88.369728813,wet,16.988414371,13.676728812999997,0.0,1.0
2022,Monaco,LEC,Ferrari,1.0,4.0,1.0,88.422050847,wet,16.820320122,13.729050846999996,0.0,-3.0
2022,Monaco,RUS,Mercedes,6.0,5.0,6.0,88.525733333,wet,18.168944619,13.832733333000007,0.0,1.0
2022,Monaco,NOR,McLaren,5.0,6.0,5.0,88.64275862,wet,17.917442609,13.949758619999997,0.0,-1.0
2022,Monaco,ALO,Alpine,7.0,7.0,7.0,89.045316666,wet,17.140148234,14.352316666000007,0.0,0.0
2022,Monaco,HAM,Mercedes,8.0,8.0,8.0,89.101338983,wet,17.077675421,14.408338983000007,0.0,0.0
2022,Monaco,BOT,Alfa Romeo,12.0,9.0,12.0,89.317516666,wet,17.415416741,14.624516666000005,0.0,3.0
2022,Monaco,VET,Aston Martin,9.0,10.0,9.0,89.488033898,wet,17.471172255,14.795033898,0.0,-1.0
2022,Monaco,GAS,AlphaTauri,17.0,11.0,17.0,88.071862068,wet,17.295593145,13.378862068000004,0.0,6.0
2022,Monaco,OCO,Alpine,10.0,12.0,10.0,89.025233333,wet,17.069380369,14.332233333000005,0.0,-2.0
2022,Monaco,RIC,McLaren,14.0,13.0,14.0,89.522483333,wet,17.853016421,14.829483332999999,0.0,1.0
2022,Monaco,STR,Aston Martin,18.0,14.0,18.0,88.168034482,wet,19.681151114,13.475034481999998,0.0,4.0
2022,Monaco,LAT,Williams,19.0,15.0,19.0,88.455280701,wet,21.03354522,13.762280701000009,0.0,4.0
2022,Monaco,ZHO,Alfa Romeo,20.0,16.0,20.0,90.071203389,wet,18.189282762,15.378203389000006,0.0,4.0
2022,Monaco,TSU,AlphaTauri,11.0,17.0,11.0,90.855771929,wet,17.293563968,16.162771929,0.0,-6.0
2022,Monaco,ALB,Williams,16.0,18.0,16.0,93.59244186,wet,18.888839446,18.899441859999996,0.0,-2.0
2022,Monaco,MSC,Haas F1 Team,15.0,19.0,15.0,100.347,wet,19.728098226,25.653999999999996,0.0,-4.0
2022,Monaco,MAG,Haas F1 Team,13.0,20.0,13.0,101.100722222,wet,19.104667228,26.407722222000004,0.0,-7.0
2022,Azerbaijan,VER,Red Bull Racing,3.0,1.0,3.0,109.345959183,dry,5.75657683,3.2999591829999986,0.0,2.0
2022,Azerbaijan,PER,Red Bull Racing,2.0,2.0,2.0,109.685448979,dry,6.194096311,3.6394489789999938,0.0,0.0
2022,Azerbaijan,RUS,Mercedes,5.0,3.0,5.0,109.883591836,dry,6.249031294,3.837591835999987,0.0,2.0
2022,Azerbaijan,HAM,Mercedes,7.0,4.0,7.0,110.432591836,dry,6.704131177,4.386591835999994,0.0,3.0
2022,Azerbaijan,GAS,AlphaTauri,6.0,5.0,6.0,110.777265306,dry,6.399734086,4.731265305999997,0.0,1.0
2022,Azerbaijan,VET,Aston Martin,9.0,6.0,9.0,110.972163265,dry,6.722867468,4.926163265,0.0,3.0
2022,Azerbaijan,ALO,Alpine,10.0,7.0,10.0,111.345632653,dry,6.313280652,5.299632652999989,0.0,3.0
2022,Azerbaijan,RIC,McLaren,12.0,8.0,12.0,111.50908,dry,5.97654427,5.463079999999991,0.0,4.0
2022,Azerbaijan,NOR,McLaren,11.0,9.0,11.0,112.19108,dry,8.406121808,6.145079999999993,0.0,2.0
2022,Azerbaijan,OCO,Alpine,13.0,10.0,13.0,111.96648,dry,6.560662174,5.920479999999998,0.0,3.0
2022,Azerbaijan,BOT,Alfa Romeo,15.0,11.0,15.0,111.455395833,dry,4.644805438,5.409395832999991,0.0,4.0
2022,Azerbaijan,ALB,Williams,17.0,12.0,17.0,111.311148936,dry,7.226907816,5.265148935999989,0.0,5.0
2022,Azerbaijan,TSU,AlphaTauri,8.0,13.0,8.0,110.925787234,dry,8.552987402,4.879787233999991,0.0,-5.0
2022,Azerbaijan,MSC,Haas F1 Team,20.0,14.0,20.0,112.124978723,dry,7.341335711,6.078978722999992,0.0,6.0
2022,Azerbaijan,LAT,Williams,18.0,15.0,18.0,113.359531914,dry,7.372991023,7.313531913999995,0.0,3.0
2022,Azerbaijan,STR,Aston Martin,19.0,16.0,19.0,113.156295454,dry,6.681963363,7.110295453999996,0.0,3.0
2022,Azerbaijan,MAG,Haas F1 Team,16.0,17.0,16.0,111.7636,dry,6.764262547,5.71759999999999,0.0,-1.0
2022,Azerbaijan,ZHO,Alfa Romeo,14.0,18.0,14.0,113.200363636,dry,9.256054867,7.154363635999999,0.0,-4.0
2022,Azerbaijan,LEC,Ferrari,1.0,19.0,1.0,110.476842105,dry,10.451544103,4.430842104999996,0.0,-18.0
2022,Azerbaijan,SAI,Ferrari,4.0,20.0,4.0,109.80575,dry,1.844583867,3.759749999999997,0.0,-16.0
2022,Canada,VER,Red Bull Racing,1.0,1.0,1.0,82.315897058,dry,14.111090635,6.566897058000009,0.0,0.0
2022,Canada,SAI,Ferrari,3.0,2.0,3.0,82.141882352,dry,14.181560496,6.392882352000001,0.0,1.0
2022,Canada,HAM,Mercedes,4.0,3.0,4.0,82.452,dry,13.141299763,6.703000000000003,0.0,1.0
2022,Canada,RUS,Mercedes,8.0,4.0,8.0,82.507455882,dry,12.435760627,6.758455882000007,0.0,4.0
2022,Canada,LEC,Ferrari,19.0,5.0,15.0,82.844768115,dry,11.270172461,7.0957681149999985,4.0,14.0
2022,Canada,OCO,Alpine,7.0,6.0,7.0,82.329691176,dry,11.892706916,6.580691176000002,0.0,1.0
2022,Canada,BOT,Alfa Romeo,11.0,7.0,11.0,82.572536231,dry,11.314870824,6.823536231000006,0.0,4.0
2022,Canada,ZHO,Alfa Romeo,10.0,8.0,10.0,82.382897058,dry,10.936753932,6.633897058000002,0.0,2.0
2022,Canada,ALO,Alpine,2.0,9.0,2.0,82.664911764,dry,11.800902729,6.9159117640000005,0.0,-7.0
2022,Canada,STR,Aston Martin,17.0,10.0,18.0,83.011434782,dry,10.210367112,7.262434782,-1.0,7.0
2022,Canada,RIC,McLaren,9.0,11.0,9.0,82.662985294,dry,10.593049223,6.913985294,0.0,-2.0
2022,Canada,VET,Aston Martin,16.0,12.0,17.0,83.1635,dry,10.252970041,7.414500000000004,-1.0,4.0
2022,Canada,ALB,Williams,12.0,13.0,12.0,82.639352941,dry,9.774291964,6.890352941000003,0.0,-1.0
2022,Canada,GAS,AlphaTauri,15.0,14.0,16.0,83.278294117,dry,9.743105126,7.529294117000006,-1.0,1.0
2022,Canada,NOR,McLaren,14.0,15.0,14.0,83.249323529,dry,10.437711253,7.500323528999999,0.0,-1.0
2022,Canada,LAT,Williams,18.0,16.0,19.0,83.250764705,dry,8.668502252,7.501764704999999,-1.0,2.0
2022,Canada,MAG,Haas F1 Team,5.0,17.0,5.0,83.458768115,dry,10.38141519,7.709768115000003,0.0,-12.0
2022,Canada,TSU,AlphaTauri,20.0,18.0,20.0,81.575891304,dry,7.77632413,5.826891304,0.0,2.0
2022,Canada,MSC,Haas F1 Team,6.0,19.0,6.0,82.867222222,dry,8.351056576,7.118222222,0.0,-13.0
2022,Canada,PER,Red Bull Racing,13.0,20.0,13.0,81.366,dry,4.403145353,5.617000000000004,0.0,-7.0
2022,Austria,LEC,Ferrari,2.0,1.0,2.0,70.352044117,dry,5.50045049,3.077044117,0.0,1.0
2022,Austria,VER,Red Bull Racing,1.0,2.0,1.0,70.366352941,dry,5.470116527,3.0913529409999967,0.0,-1.0
2022,Austria,HAM,Mercedes,8.0,3.0,9.0,71.379811594,dry,4.597275075,4.104811593999997,-1.0,5.0
2022,Austria,RUS,Mercedes,4.0,4.0,4.0,71.452202898,dry,5.490327412,4.17720289799999,0.0,0.0
2022,Austria,OCO,Alpine,6.0,5.0,5.0,71.812811594,dry,4.271973559,4.53781159399999,1.0,1.0
2022,Austria,MSC,Haas F1 Team,9.0,6.0,7.0,71.91342647,dry,4.508117644,4.638426469999999,2.0,3.0
2022,Austria,NOR,McLaren,10.0,7.0,15.0,71.902117647,dry,4.808339053,4.6271176469999915,-5.0,3.0
2022,Austria,MAG,Haas F1 Team,7.0,8.0,6.0,72.03975,dry,4.416653811,4.764749999999992,1.0,-1.0
2022,Austria,RIC,McLaren,11.0,9.0,16.0,72.123897058,dry,4.305034493,4.8488970579999915,-5.0,2.0
2022,Austria,ALO,Alpine,19.0,10.0,8.0,71.542253731,dry,6.008180222,4.267253730999997,11.0,9.0
2022,Austria,ALB,Williams,15.0,12.0,11.0,72.230044117,dry,4.404753754,4.955044117,4.0,3.0
2022,Austria,STR,Aston Martin,12.0,13.0,17.0,72.281220588,dry,4.497464833,5.006220587999991,-5.0,-1.0
2022,Austria,ZHO,Alfa Romeo,13.0,14.0,18.0,72.19642647,dry,5.055394055,4.92142647,-5.0,-1.0
2022,Austria,GAS,AlphaTauri,14.0,15.0,10.0,72.236705882,dry,4.909750991,4.96170588199999,4.0,-1.0
2022,Austria,TSU,AlphaTauri,16.0,16.0,14.0,72.442073529,dry,4.503613652,5.1670735289999925,2.0,0.0
2022,Austria,VET,Aston Martin,18.0,17.0,20.0,72.421617647,dry,4.825879776,5.146617646999999,-2.0,1.0
2022,Austria,SAI,Ferrari,3.0,18.0,3.0,70.581759259,dry,3.233015108,3.306759258999989,0.0,-15.0
2022,Austria,LAT,Williams,17.0,19.0,19.0,72.821673913,dry,3.692481469,5.546673912999992,-2.0,-2.0
2022,Austria,PER,Red Bull Racing,5.0,20.0,13.0,75.023782608,dry,8.904874322,7.748782607999999,-8.0,-15.0
2022,France,VER,Red Bull Racing,2.0,1.0,2.0,99.75214,dry,5.829321973,3.9711399999999912,0.0,1.0
2022,France,HAM,Mercedes,4.0,2.0,4.0,100.92076923,dry,9.029190169,5.139769229999999,0.0,2.0
2022,France,RUS,Mercedes,6.0,3.0,6.0,101.079173076,dry,8.688417721,5.298173075999998,0.0,3.0
2022,France,PER,Red Bull Racing,3.0,4.0,3.0,101.1265,dry,9.197834413,5.345499999999987,0.0,-1.0
2022,France,SAI,Ferrari,19.0,5.0,9.0,101.691529411,dry,10.66386846,5.910529410999999,10.0,14.0
2022,France,ALO,Alpine,7.0,6.0,7.0,101.755096153,dry,8.158768487,5.974096152999991,0.0,1.0
2022,France,NOR,McLaren,5.0,7.0,5.0,102.064134615,dry,10.158988188,6.2831346149999945,0.0,-2.0
2022,France,OCO,Alpine,10.0,8.0,12.0,102.305057692,dry,9.876771728,6.5240576919999995,-2.0,2.0
2022,France,RIC,McLaren,9.0,9.0,11.0,102.363384615,dry,9.560253935,6.582384614999995,-2.0,0.0
2022,France,STR,Aston Martin,15.0,10.0,17.0,102.425384615,dry,9.530302854,6.644384614999993,-2.0,5.0
2022,France,VET,Aston Martin,12.0,11.0,14.0,101.356098039,dry,6.565668496,5.575098038999997,-2.0,1.0
2022,France,GAS,AlphaTauri,14.0,12.0,16.0,102.430480769,dry,9.046709579,6.649480768999993,-2.0,2.0
2022,France,ALB,Williams,13.0,13.0,15.0,102.529288461,dry,9.214071694,6.748288460999987,-2.0,0.0
2022,France,BOT,Alfa Romeo,11.0,14.0,13.0,102.65462745,dry,9.302874892,6.873627450000001,-2.0,-3.0
2022,France,MSC,Haas F1 Team,17.0,15.0,19.0,102.659686274,dry,9.249098071,6.878686273999989,-2.0,2.0
2022,France,ZHO,Alfa Romeo,16.0,16.0,18.0,104.308222222,dry,9.879421258,8.527222221999992,-2.0,0.0
2022,France,LAT,Williams,18.0,17.0,20.0,102.70727027,dry,8.87289005,6.926270269999989,-2.0,1.0
2022,France,MAG,Haas F1 Team,20.0,18.0,10.0,102.825885714,dry,10.247748067,7.044885713999989,10.0,2.0
2022,France,LEC,Ferrari,1.0,19.0,1.0,99.114235294,dry,1.144682681,3.3332352939999907,0.0,-18.0
2022,France,TSU,AlphaTauri,8.0,20.0,8.0,104.0060625,dry,7.505103744,8.225062499999993,0.0,-12.0
2022,Hungary,VER,Red Bull Racing,10.0,1.0,10.0,84.945367647,wet,5.645793339,3.559367647000002,0.0,9.0
2022,Hungary,HAM,Mercedes,7.0,2.0,7.0,84.968352941,wet,5.748114203,3.5823529410000106,0.0,5.0
2022,Hungary,RUS,Mercedes,1.0,3.0,1.0,85.038455882,wet,5.409358989,3.652455881999998,0.0,-2.0
2022,Hungary,SAI,Ferrari,2.0,4.0,2.0,85.044117647,wet,5.733454252,3.6581176469999974,0.0,-2.0
2022,Hungary,PER,Red Bull Racing,11.0,5.0,11.0,85.087485294,wet,6.022979623,3.7014852940000083,0.0,6.0
2022,Hungary,LEC,Ferrari,3.0,6.0,3.0,84.797641791,wet,6.192307379,3.411641791000008,0.0,-3.0
2022,Hungary,NOR,McLaren,4.0,7.0,4.0,85.959529411,wet,5.973271471,4.57352941100001,0.0,-3.0
2022,Hungary,ALO,Alpine,6.0,8.0,6.0,86.456735294,wet,5.264848695,5.070735294000002,0.0,-2.0
2022,Hungary,OCO,Alpine,5.0,9.0,5.0,86.464220588,wet,5.339636894,5.078220588000008,0.0,-4.0
2022,Hungary,VET,Aston Martin,18.0,10.0,18.0,86.224641791,wet,5.988986456,4.838641791000001,0.0,8.0
2022,Hungary,STR,Aston Martin,14.0,11.0,14.0,86.264462686,wet,6.231980521,4.878462686000006,0.0,3.0
2022,Hungary,ZHO,Alfa Romeo,12.0,13.0,12.0,86.503328358,wet,6.553906843,5.117328358000009,0.0,-1.0
2022,Hungary,MSC,Haas F1 Team,15.0,14.0,15.0,86.609208955,wet,6.02881668,5.223208955000004,0.0,1.0
2022,Hungary,RIC,McLaren,9.0,15.0,9.0,86.552164179,wet,6.101453647,5.166164179000006,0.0,-6.0
2022,Hungary,MAG,Haas F1 Team,13.0,16.0,13.0,86.650484848,wet,6.851588864,5.264484848000009,0.0,-3.0
2022,Hungary,ALB,Williams,17.0,17.0,17.0,86.658045454,wet,6.682018463,5.272045454000008,0.0,0.0
2022,Hungary,LAT,Williams,19.0,18.0,20.0,86.816545454,wet,6.869077415,5.430545454000011,-1.0,1.0
2022,Hungary,TSU,AlphaTauri,16.0,19.0,16.0,87.522461538,wet,8.012091445,6.136461538000006,0.0,-3.0
2022,Hungary,BOT,Alfa Romeo,8.0,20.0,8.0,86.192046875,wet,4.80031573,4.806046875000007,0.0,-12.0
2022,Belgium,VER,Red Bull Racing,14.0,1.0,1.0,113.590025,dry,5.208515481,4.236024999999998,13.0,13.0
2022,Belgium,PER,Red Bull Racing,2.0,2.0,3.0,113.707225,dry,4.189628012,4.353224999999995,-1.0,0.0
2022,Belgium,SAI,Ferrari,1.0,3.0,2.0,113.788175,dry,4.129831299,4.434174999999996,-1.0,-2.0
2022,Belgium,RUS,Mercedes,5.0,4.0,8.0,114.009825,dry,4.530182206,4.655825000000007,-3.0,1.0
2022,Belgium,ALO,Alpine,3.0,5.0,6.0,115.104675,dry,4.608091574,5.750675000000001,-3.0,-2.0
2022,Belgium,LEC,Ferrari,15.0,6.0,4.0,115.077275,dry,5.420683148,5.723275000000001,11.0,9.0
2022,Belgium,OCO,Alpine,16.0,7.0,5.0,115.43665,dry,5.469316737,6.082650000000001,11.0,9.0
2022,Belgium,VET,Aston Martin,10.0,8.0,16.0,115.2661,dry,4.880668484,5.912099999999995,-6.0,2.0
2022,Belgium,ALB,Williams,6.0,10.0,9.0,115.88695,dry,4.94185212,6.53295,-3.0,-4.0
2022,Belgium,STR,Aston Martin,9.0,11.0,14.0,116.00455,dry,5.446674022,6.6505499999999955,-5.0,-2.0
2022,Belgium,NOR,McLaren,17.0,12.0,10.0,116.115975,dry,5.689122085,6.761975000000007,7.0,5.0
2022,Belgium,ZHO,Alfa Romeo,18.0,14.0,13.0,116.1968,dry,5.888112853,6.842799999999997,5.0,4.0
2022,Belgium,RIC,McLaren,7.0,15.0,11.0,116.05345,dry,4.695299048,6.699449999999999,-4.0,-8.0
2022,Belgium,MAG,Haas F1 Team,12.0,16.0,18.0,116.319435897,dry,5.533758246,6.965435897000006,-6.0,-4.0
2022,Belgium,MSC,Haas F1 Team,19.0,17.0,15.0,116.516410256,dry,6.276164919,7.162410256000001,4.0,2.0
2022,Belgium,LAT,Williams,11.0,18.0,17.0,115.839657894,dry,3.895201712,6.485657893999999,-6.0,-7.0
2022,Netherlands,VER,Red Bull Racing,1.0,1.0,1.0,77.856794117,dry,12.460103261,4.204794117000006,0.0,0.0
2022,Netherlands,RUS,Mercedes,6.0,2.0,6.0,79.001188405,dry,14.398419238,5.3491884049999925,0.0,4.0
2022,Netherlands,LEC,Ferrari,2.0,3.0,2.0,78.842073529,dry,12.71542556,5.190073529000003,0.0,-1.0
2022,Netherlands,HAM,Mercedes,4.0,4.0,4.0,79.165202898,dry,14.333895012,5.513202898000003,0.0,0.0
2022,Netherlands,PER,Red Bull Racing,5.0,5.0,5.0,79.01375,dry,12.323821635,5.361750000000001,0.0,0.0
2022,Netherlands,ALO,Alpine,13.0,6.0,13.0,79.469231884,dry,11.404966195,5.817231883999995,0.0,7.0
2022,Netherlands,NOR,McLaren,7.0,7.0,7.0,79.339347826,dry,11.626959802,5.687347825999993,0.0,0.0
2022,Netherlands,SAI,Ferrari,3.0,8.0,3.0,79.600043478,dry,11.346752894,5.948043478000002,0.0,-5.0
2022,Netherlands,OCO,Alpine,12.0,9.0,12.0,79.641260869,dry,10.694712866,5.989260869000006,0.0,3.0
2022,Netherlands,STR,Aston Martin,10.0,10.0,10.0,79.483411764,dry,10.646943638,5.831411763999995,0.0,0.0
2022,Netherlands,GAS,AlphaTauri,11.0,11.0,11.0,79.874279411,dry,9.403160599,6.222279411000002,0.0,0.0
2022,Netherlands,ALB,Williams,15.0,12.0,15.0,79.031073529,dry,10.8013246,5.379073528999996,0.0,3.0
2022,Netherlands,MSC,Haas F1 Team,8.0,13.0,8.0,79.072367647,dry,10.605805998,5.420367646999992,0.0,-5.0
2022,Netherlands,VET,Aston Martin,19.0,14.0,19.0,79.532882352,dry,9.909880093,5.880882352,0.0,5.0
2022,Netherlands,MAG,Haas F1 Team,18.0,15.0,18.0,79.274073529,dry,10.371211318,5.622073529000005,0.0,3.0
2022,Netherlands,ZHO,Alfa Romeo,14.0,16.0,14.0,79.197323529,dry,10.192216941,5.545323529000001,0.0,-2.0
2022,Netherlands,RIC,McLaren,17.0,17.0,17.0,78.888059701,dry,10.291843883,5.236059701000002,0.0,0.0
2022,Netherlands,LAT,Williams,20.0,18.0,20.0,79.901014925,dry,9.143259761,6.249014924999997,0.0,2.0
2022,Netherlands,BOT,Alfa Romeo,16.0,19.0,16.0,79.341039215,dry,6.193919321,5.689039214999994,0.0,-3.0
2022,Netherlands,TSU,AlphaTauri,9.0,20.0,9.0,78.126926829,dry,3.2429192,4.4749268289999975,0.0,-11.0
2022,Italy,VER,Red Bull Racing,7.0,1.0,2.0,89.956549019,dry,14.43067657,5.926549018999992,5.0,6.0
2022,Italy,LEC,Ferrari,1.0,2.0,1.0,89.68808,dry,13.834507913,5.658079999999998,0.0,-1.0
2022,Italy,RUS,Mercedes,2.0,3.0,6.0,89.589117647,dry,10.900846388,5.559117646999994,-4.0,-1.0
2022,Italy,SAI,Ferrari,18.0,4.0,3.0,89.847882352,dry,13.215089052,5.817882351999998,15.0,14.0
2022,Italy,HAM,Mercedes,19.0,5.0,5.0,90.89901923,dry,11.191410549,6.869019229999992,14.0,14.0
2022,Italy,PER,Red Bull Racing,13.0,6.0,4.0,90.62790196,dry,10.654405249,6.5979019600000015,9.0,7.0
2022,Italy,NOR,McLaren,3.0,7.0,7.0,89.886411764,dry,11.226992746,5.856411764000001,-4.0,-4.0
2022,Italy,GAS,AlphaTauri,5.0,8.0,9.0,90.865365384,dry,9.488350315,6.835365383999999,-4.0,-3.0
2022,Italy,DEV,Williams,8.0,9.0,13.0,90.891096153,dry,9.456664775,6.861096153000005,-5.0,-1.0
2022,Italy,ZHO,Alfa Romeo,9.0,10.0,14.0,90.882307692,dry,9.36605206,6.852307691999997,-5.0,-1.0
2022,Italy,OCO,Alpine,14.0,11.0,11.0,90.920403846,dry,9.167630417,6.890403845999998,3.0,3.0
2022,Italy,MSC,Haas F1 Team,17.0,12.0,20.0,90.934923076,dry,8.941779816,6.904923076000003,-3.0,5.0
2022,Italy,BOT,Alfa Romeo,15.0,13.0,12.0,92.573411764,dry,13.050548101,8.543411763999998,3.0,2.0
2022,Italy,TSU,AlphaTauri,20.0,14.0,15.0,91.70608,dry,13.562894944,7.676079999999999,5.0,6.0
2022,Italy,LAT,Williams,10.0,15.0,16.0,91.70404,dry,13.152115621,7.674040000000005,-6.0,-5.0
2022,Italy,MAG,Haas F1 Team,16.0,16.0,19.0,91.44936,dry,13.134514576,7.4193599999999975,-3.0,0.0
2022,Italy,RIC,McLaren,4.0,17.0,8.0,88.021931818,dry,4.668335992,3.9919318179999976,-4.0,-13.0
2022,Italy,STR,Aston Martin,12.0,18.0,18.0,89.000552631,dry,4.989093825,4.970552631000004,-6.0,-6.0
2022,Italy,ALO,Alpine,6.0,19.0,10.0,88.78448387,dry,4.216803519,4.754483870000001,-4.0,-13.0
2022,Italy,VET,Aston Martin,11.0,20.0,17.0,88.8225,dry,2.087149052,4.792500000000004,-6.0,-9.0
2022,Singapore,PER,Red Bull Racing,2.0,1.0,2.0,117.185313725,wet,7.149692117,10.727313725000002,0.0,1.0
2022,Singapore,LEC,Ferrari,1.0,2.0,1.0,117.770294117,wet,8.5162057,11.312294117000008,0.0,-1.0
2022,Singapore,SAI,Ferrari,4.0,3.0,4.0,118.132274509,wet,7.179666128,11.674274509,0.0,1.0
2022,Singapore,NOR,McLaren,6.0,4.0,6.0,119.79726415,wet,9.366553348,13.339264150000005,0.0,2.0
2022,Singapore,RIC,McLaren,16.0,5.0,17.0,121.350679245,wet,9.66211889,14.892679244999997,-1.0,11.0
2022,Singapore,STR,Aston Martin,11.0,6.0,12.0,121.370490566,wet,9.540607734,14.912490566000002,-1.0,5.0
2022,Singapore,VER,Red Bull Racing,8.0,7.0,8.0,120.055490196,wet,9.647950688,13.597490195999995,0.0,1.0
2022,Singapore,VET,Aston Martin,13.0,8.0,14.0,120.569215686,wet,9.154772718,14.111215686000008,-1.0,5.0
2022,Singapore,HAM,Mercedes,3.0,9.0,3.0,119.844882352,wet,7.611029721,13.386882352,0.0,-6.0
2022,Singapore,GAS,AlphaTauri,7.0,10.0,7.0,120.668921568,wet,8.98746477,14.210921568000003,0.0,-3.0
2022,Singapore,BOT,Alfa Romeo,15.0,11.0,16.0,123.223759259,wet,10.334317371,16.765759259000006,-1.0,4.0
2022,Singapore,MAG,Haas F1 Team,9.0,12.0,9.0,122.758685185,wet,9.74257189,16.300685185000006,0.0,-3.0
2022,Singapore,MSC,Haas F1 Team,12.0,13.0,13.0,122.96768,wet,10.051018856,16.509680000000003,-1.0,-1.0
2022,Singapore,TSU,AlphaTauri,10.0,15.0,10.0,126.818733333,wet,9.175485366,20.360733333,0.0,-5.0
2022,Singapore,OCO,Alpine,17.0,16.0,18.0,127.645333333,wet,8.820816016,21.187333332999998,-1.0,1.0
2022,Singapore,ALB,Williams,18.0,17.0,19.0,129.044782608,wet,9.519416292,22.586782607999993,-1.0,1.0
2022,Singapore,ALO,Alpine,5.0,18.0,5.0,123.477555555,wet,4.522636272,17.019555554999997,0.0,-13.0
2022,Singapore,LAT,Williams,19.0,19.0,20.0,129.881833333,wet,6.933630172,23.423833333000005,-1.0,0.0
2022,Singapore,ZHO,Alfa Romeo,14.0,20.0,15.0,129.933333333,wet,7.140927969,23.47533333300001,-1.0,-6.0
2022,Japan,VER,Red Bull Racing,1.0,1.0,1.0,108.137304347,wet,5.731765419,3.7263043469999957,0.0,0.0
2022,Japan,PER,Red Bull Racing,4.0,2.0,4.0,109.415913043,wet,6.251406443,5.004913043000002,0.0,2.0
2022,Japan,LEC,Ferrari,2.0,3.0,2.0,109.302217391,wet,6.004227596,4.891217390999998,0.0,-1.0
2022,Japan,OCO,Alpine,5.0,4.0,5.0,110.162173913,wet,6.775476906,5.751173913000002,0.0,1.0
2022,Japan,HAM,Mercedes,6.0,5.0,6.0,110.314130434,wet,7.446152794,5.903130434000005,0.0,1.0
2022,Japan,VET,Aston Martin,9.0,6.0,9.0,111.13347826,wet,11.836736659,6.722478260000003,0.0,3.0
2022,Japan,ALO,Alpine,7.0,7.0,7.0,110.009772727,wet,8.649595387,5.5987727269999965,0.0,0.0
2022,Japan,RUS,Mercedes,8.0,8.0,8.0,110.653304347,wet,8.942049886,6.242304347000001,0.0,0.0
2022,Japan,LAT,Williams,20.0,9.0,20.0,111.916521739,wet,11.172982778,7.505521739000002,0.0,11.0
2022,Japan,NOR,McLaren,10.0,10.0,10.0,112.191826086,wet,10.147163598,7.780826086000005,0.0,0.0
2022,Japan,RIC,McLaren,11.0,11.0,11.0,111.919695652,wet,8.775960913,7.508695652,0.0,0.0
2022,Japan,STR,Aston Martin,19.0,12.0,19.0,111.673454545,wet,10.086880115,7.262454544999997,0.0,7.0
2022,Japan,TSU,AlphaTauri,13.0,13.0,13.0,111.521272727,wet,9.717427293,7.110272726999995,0.0,0.0
2022,Japan,MAG,Haas F1 Team,18.0,14.0,18.0,112.720086956,wet,9.797926367,8.309086956000002,0.0,4.0
2022,Japan,BOT,Alfa Romeo,12.0,15.0,12.0,112.80447826,wet,10.541905349,8.393478259999995,0.0,-3.0
2022,Japan,ZHO,Alfa Romeo,14.0,16.0,14.0,112.673,wet,12.961597802,8.262,0.0,-2.0
2022,Japan,MSC,Haas F1 Team,15.0,17.0,15.0,113.08973913,wet,8.984439607,8.678739129999997,0.0,-2.0
2022,Japan,GAS,AlphaTauri,17.0,18.0,17.0,110.041761904,wet,13.447628337,5.630761903999996,0.0,-1.0
2022,United States,VER,Red Bull Racing,2.0,1.0,3.0,102.042604166,dry,6.088941843,3.254604166000007,-1.0,1.0
2022,United States,HAM,Mercedes,3.0,2.0,5.0,102.399333333,dry,5.418657618,3.6113333330000046,-2.0,1.0
2022,United States,LEC,Ferrari,12.0,3.0,2.0,102.76632653,dry,4.559037123,3.978326530000004,10.0,9.0
2022,United States,PER,Red Bull Racing,9.0,4.0,4.0,102.660125,dry,5.645173177,3.872124999999997,5.0,5.0
2022,United States,RUS,Mercedes,4.0,5.0,6.0,103.023574468,dry,6.898612567,4.23557446800001,-2.0,-1.0
2022,United States,NOR,McLaren,6.0,6.0,8.0,106.750705882,dry,11.517417756,7.962705882000009,-2.0,0.0
2022,United States,ALO,Alpine,14.0,7.0,9.0,106.302134615,dry,9.672543968,7.514134615000003,5.0,7.0
2022,United States,VET,Aston Martin,10.0,8.0,12.0,103.770122448,dry,6.117329219,4.982122447999998,-2.0,2.0
2022,United States,MAG,Haas F1 Team,13.0,9.0,16.0,107.418150943,dry,10.49250561,8.630150943000004,-3.0,4.0
2022,United States,TSU,AlphaTauri,19.0,10.0,15.0,107.117156862,dry,11.272204077,8.329156862000005,4.0,9.0
2022,United States,ZHO,Alfa Romeo,18.0,12.0,14.0,108.049018867,dry,11.452638456,9.261018867000004,4.0,6.0
2022,United States,ALB,Williams,8.0,13.0,11.0,107.34825,dry,10.412663858,8.560249999999996,-3.0,-5.0
2022,United States,GAS,AlphaTauri,11.0,14.0,13.0,105.20232653,dry,8.260919054,6.414326529999997,-2.0,-3.0
2022,United States,MSC,Haas F1 Team,16.0,15.0,19.0,107.436173076,dry,11.264456922,8.648173076000006,-3.0,1.0
2022,United States,RIC,McLaren,15.0,16.0,17.0,108.23176923,dry,11.89114634,9.443769230000001,-2.0,-1.0
2022,United States,LAT,Williams,17.0,17.0,20.0,107.812557692,dry,9.54003249,9.024557692000002,-3.0,0.0
2022,United States,STR,Aston Martin,5.0,18.0,7.0,107.6065,dry,11.360768334,8.8185,-2.0,-13.0
2022,United States,BOT,Alfa Romeo,7.0,19.0,10.0,104.6058,dry,4.894725248,5.817800000000005,-3.0,-12.0
2022,Mexico,VER,Red Bull Racing,1.0,1.0,1.0,83.077,dry,2.673056944,2.9239999999999924,0.0,0.0
2022,Mexico,HAM,Mercedes,3.0,2.0,3.0,83.269785714,dry,2.839364703,3.116785713999988,0.0,1.0
2022,Mexico,PER,Red Bull Racing,4.0,3.0,4.0,83.296971428,dry,3.068046917,3.1439714280000004,0.0,1.0
2022,Mexico,RUS,Mercedes,2.0,4.0,2.0,83.418695652,dry,4.159445865,3.265695651999991,0.0,-2.0
2022,Mexico,SAI,Ferrari,5.0,5.0,5.0,83.8772,dry,3.211921101,3.724199999999996,0.0,0.0
2022,Mexico,LEC,Ferrari,7.0,6.0,7.0,84.050457142,dry,3.123999356,3.8974571419999933,0.0,1.0
2022,Mexico,RIC,McLaren,11.0,7.0,11.0,84.592710144,dry,3.01114338,4.439710143999989,0.0,4.0
2022,Mexico,OCO,Alpine,10.0,8.0,10.0,84.750434782,dry,3.016547508,4.5974347819999934,0.0,2.0
2022,Mexico,NOR,McLaren,8.0,9.0,8.0,84.805289855,dry,3.101443868,4.652289854999992,0.0,-1.0
2022,Mexico,BOT,Alfa Romeo,6.0,10.0,6.0,84.842333333,dry,3.25685615,4.689333332999993,0.0,-4.0
2022,Mexico,GAS,AlphaTauri,14.0,11.0,14.0,84.792913043,dry,3.847354812,4.639913042999993,0.0,3.0
2022,Mexico,ALB,Williams,17.0,12.0,19.0,84.909231884,dry,3.347971183,4.7562318839999875,-2.0,5.0
2022,Mexico,ZHO,Alfa Romeo,12.0,13.0,12.0,85.05815942,dry,3.223282868,4.90515941999999,0.0,-1.0
2022,Mexico,VET,Aston Martin,16.0,14.0,17.0,85.108840579,dry,3.258840603,4.955840578999997,-1.0,2.0
2022,Mexico,STR,Aston Martin,20.0,15.0,18.0,84.990705882,dry,4.05677577,4.8377058819999945,2.0,5.0
2022,Mexico,MSC,Haas F1 Team,15.0,16.0,16.0,85.382782608,dry,3.374101882,5.229782607999994,-1.0,-1.0
2022,Mexico,MAG,Haas F1 Team,19.0,17.0,15.0,85.391884057,dry,3.504830173,5.238884056999993,4.0,2.0
2022,Mexico,LAT,Williams,18.0,18.0,20.0,85.984298507,dry,4.056331689,5.831298507,-2.0,0.0
2022,Mexico,ALO,Alpine,9.0,19.0,9.0,84.61298387,dry,2.779841299,4.459983869999988,0.0,-10.0
2022,Mexico,TSU,AlphaTauri,13.0,20.0,13.0,85.27032653,dry,4.337181625,5.11732653,0.0,-7.0
2022,Brazil,RUS,Mercedes,1.0,1.0,3.0,83.01715942,dry,15.744594364,9.232159420000002,-2.0,0.0
2022,Brazil,HAM,Mercedes,2.0,2.0,8.0,83.040086956,dry,15.321399898,9.255086956,-6.0,0.0
2022,Brazil,SAI,Ferrari,7.0,3.0,5.0,82.59442647,dry,15.217241315,8.809426470000005,2.0,4.0
2022,Brazil,LEC,Ferrari,5.0,4.0,10.0,82.902441176,dry,14.074592526,9.117441176,-5.0,1.0
2022,Brazil,ALO,Alpine,17.0,5.0,7.0,82.603294117,dry,14.009622638,8.818294117000008,10.0,12.0
2022,Brazil,VER,Red Bull Racing,3.0,6.0,2.0,82.76642647,dry,14.078789015,8.981426470000002,1.0,-3.0
2022,Brazil,PER,Red Bull Racing,4.0,7.0,9.0,83.206144927,dry,14.977877472,9.421144927,-5.0,-3.0
2022,Brazil,OCO,Alpine,16.0,8.0,6.0,83.240405797,dry,13.463046181,9.455405796999997,10.0,8.0
2022,Brazil,BOT,Alfa Romeo,14.0,9.0,18.0,83.302391304,dry,13.599614688,9.517391304,-4.0,5.0
2022,Brazil,STR,Aston Martin,15.0,10.0,15.0,83.329028985,dry,12.995485816,9.544028984999997,0.0,5.0
2022,Brazil,VET,Aston Martin,9.0,11.0,13.0,83.338333333,dry,13.462491573,9.553333332999998,-4.0,-2.0
2022,Brazil,ZHO,Alfa Romeo,13.0,12.0,17.0,83.38257971,dry,13.056935619,9.597579710000005,-4.0,1.0
2022,Brazil,MSC,Haas F1 Team,12.0,13.0,20.0,83.35031884,dry,13.042540098,9.565318840000003,-8.0,-1.0
2022,Brazil,GAS,AlphaTauri,10.0,14.0,12.0,82.908705882,dry,13.346207169,9.12370588200001,-2.0,-4.0
2022,Brazil,ALB,Williams,19.0,15.0,11.0,83.045558823,dry,13.220881696,9.260558822999997,8.0,4.0
2022,Brazil,LAT,Williams,18.0,16.0,16.0,82.909794117,dry,12.919097281,9.124794117000008,2.0,2.0
2022,Brazil,NOR,McLaren,6.0,18.0,4.0,82.073833333,dry,12.819364729,8.288833333,2.0,-12.0
2022,Abu Dhabi,VER,Red Bull Racing,1.0,1.0,1.0,90.433631578,dry,2.828290016,2.042631577999998,0.0,0.0
2022,Abu Dhabi,LEC,Ferrari,3.0,2.0,3.0,90.587438596,dry,2.84323796,2.196438595999993,0.0,1.0
2022,Abu Dhabi,PER,Red Bull Racing,2.0,3.0,2.0,90.257196428,dry,3.941105106,1.866196427999995,0.0,-1.0
2022,Abu Dhabi,SAI,Ferrari,4.0,4.0,4.0,90.540839285,dry,3.808067432,2.1498392849999988,0.0,0.0
2022,Abu Dhabi,RUS,Mercedes,6.0,5.0,6.0,90.604446428,dry,4.501476669,2.2134464279999975,0.0,1.0
2022,Abu Dhabi,NOR,McLaren,7.0,6.0,7.0,91.080982142,dry,3.859933047,2.689982141999991,0.0,1.0
2022,Abu Dhabi,OCO,Alpine,8.0,7.0,8.0,91.095910714,dry,3.899341888,2.7049107139999933,0.0,1.0
2022,Abu Dhabi,STR,Aston Martin,14.0,8.0,14.0,91.468,dry,3.764407874,3.076999999999998,0.0,6.0
2022,Abu Dhabi,RIC,McLaren,13.0,9.0,10.0,91.877105263,dry,3.010353006,3.486105262999999,3.0,4.0
2022,Abu Dhabi,VET,Aston Martin,9.0,10.0,9.0,91.864052631,dry,3.109329184,3.4730526310000016,0.0,-1.0
2022,Abu Dhabi,TSU,AlphaTauri,11.0,11.0,12.0,91.630642857,dry,3.981104106,3.2396428569999927,-1.0,0.0
2022,Abu Dhabi,ZHO,Alfa Romeo,15.0,12.0,15.0,91.994054545,dry,4.128021327,3.603054544999992,0.0,3.0
2022,Abu Dhabi,ALB,Williams,19.0,13.0,19.0,92.061127272,dry,3.967409926,3.670127271999988,0.0,6.0
2022,Abu Dhabi,GAS,AlphaTauri,17.0,14.0,17.0,92.411964285,dry,2.998693661,4.020964284999991,0.0,3.0
2022,Abu Dhabi,BOT,Alfa Romeo,18.0,15.0,18.0,92.540875,dry,3.301826166,4.149874999999994,0.0,3.0
2022,Abu Dhabi,MSC,Haas F1 Team,12.0,16.0,13.0,92.34130909,dry,4.189188511,3.9503090899999904,-1.0,-4.0
2022,Abu Dhabi,MAG,Haas F1 Team,16.0,17.0,16.0,92.920964285,dry,3.064374493,4.529964284999991,0.0,-1.0
2022,Abu Dhabi,HAM,Mercedes,5.0,18.0,5.0,91.594462962,dry,5.693728013,3.203462961999989,0.0,-13.0
2022,Abu Dhabi,LAT,Williams,20.0,19.0,20.0,93.693754716,dry,6.843732222,5.3027547159999955,0.0,1.0
2022,Abu Dhabi,ALO,Alpine,10.0,20.0,11.0,92.421192307,dry,3.797414141,4.030192306999993,-1.0,-10.0
